日付,視聴回数
2026-02-23,411
2026-02-24,515
2026-02-25,470
2026-02-26,359
2026-02-27,282
2026-02-28,358
2026-03-01,265
2026-03-02,1297
2026-03-03,572
2026-03-04,365
2026-03-05,386
2026-03-06,373
2026-03-07,291
2026-03-08,241
2026-03-09,642
2026-03-10,501
2026-03-11,380
2026-03-12,318
2026-03-13,314
2026-03-14,215
2026-03-15,246
2026-03-16,710
2026-03-17,471
2026-03-18,370
2026-03-19,323
2026-03-20,245
2026-03-21,197
2026-03-22,259
2026-03-23,555
2026-03-24,313
2026-03-25,257
2026-03-26,276
2026-03-27,178
2026-03-28,232
2026-03-29,328
2026-03-30,435
2026-03-31,257
2026-04-01,245
2026-04-02,343
2026-04-03,225
2026-04-04,286
2026-04-05,266
2026-04-06,629
2026-04-07,374
2026-04-08,269
2026-04-09,197
2026-04-10,217
2026-04-11,227
2026-04-12,219
2026-04-13,500
2026-04-14,334
2026-04-15,333
2026-04-16,310
2026-04-17,238
2026-04-18,209
2026-04-19,267
2026-04-20,477
2026-04-21,303
2026-04-22,262
2026-04-23,219
2026-04-24,203
2026-04-25,200
2026-04-26,220
2026-04-27,596
2026-04-28,309
2026-04-29,390
2026-04-30,294
2026-05-01,170
2026-05-02,219
2026-05-03,163
2026-05-04,307
2026-05-05,209
2026-05-06,207
2026-05-07,235
2026-05-08,224
2026-05-09,253
2026-05-10,196
2026-05-11,1194
2026-05-12,436
2026-05-13,307
2026-05-14,312
2026-05-15,275
2026-05-16,304
2026-05-17,271
2026-05-18,576
2026-05-19,342
2026-05-20,351
2026-05-21,354
2026-05-22,320
2026-05-23,318
2026-05-24,230
2026-05-25,250
2026-05-26,1008
2026-05-27,543
2026-05-28,442
2026-05-29,638
2026-05-30,241
2026-05-31,249
2026-06-01,619
2026-06-02,324
2026-06-03,589
2026-06-04,478
2026-06-05,233
2026-06-06,284
2026-06-07,272
2026-06-08,536
2026-06-09,338
2026-06-10,289
2026-06-11,280
2026-06-12,263
2026-06-13,293
2026-06-14,210
2026-06-15,360
2026-06-16,247
2026-06-17,220
2026-06-18,260
2026-06-19,288
2026-06-20,250
2026-06-21,235
2026-06-22,371
2026-06-23,310
2026-06-24,327
2026-06-25,310
2026-06-26,254
2026-06-27,310
2026-06-28,323
2026-06-29,533
2026-06-30,358
2026-07-01,350
2026-07-02,358
2026-07-03,287
2026-07-04,349
2026-07-05,310
2026-07-06,470
2026-07-07,280
2026-07-08,297
2026-07-09,282
2026-07-10,286
